CIF file,Atom CIF file,Total Energy (eV),Dopant Energy (eV),CO2 Slab Energy (eV),HOMO (eV),LUMO (eV),Fermi Level (eV),Band Gap (eV),Chemical Potential (eV),Entropy (eV/K),Free Energy (eV),Pristine Energy (eV)
Fe_dopedwith_Os.cif,Os_atom.cif,4698.054388139402,215.63106443845618,4824.3164517985815,0.37330893208047816,0.40107466600156644,0.3822434890438848,0.027765733921088276,0.3871917990410223,-1.8275333333333335,4698.026975,
Fe_dopedwith_Hg.cif,Hg_atom.cif,5021.666627559349,601.3999153164361,5148.122285534108,-1.5950676085292248,-1.1131693251863821,-1.3543693159154075,0.4818982833428427,-1.3541184668578035,-0.006166666666666667,5021.666535,
Fe_dopedwith_Ru.cif,Ru_atom.cif,4827.175397810517,354.26470649591806,4952.765740405061,0.018702684286033305,0.0352659317402132,0.02393601510637783,0.01656324745417989,0.02698430801312325,-1.6764666666666668,4827.150251,
Fe_dopedwith_Ti.cif,Ti_atom.cif,4789.738287755854,294.4086292789983,4915.8418191252085,0.841004569525036,0.8716984344300923,0.8341242907080574,0.030693864905056323,0.8563515019775642,-2.6568666666666667,4789.698435,
Fe_dopedwith_Mn.cif,Mn_atom.cif,4885.587512142921,398.0387212820381,5012.808129269477,-0.9116957080972439,-0.8894799073522173,-0.8252555863801003,0.022215800745026604,-0.9005878077247306,-1.0703333333333334,4885.571457,
Fe_dopedwith_Cr.cif,Cr_atom.cif,4577.919516507425,68.10895925960504,4706.474323582657,-0.4491807963734072,-0.10698572774148637,-0.27761541231880804,0.34219506863192084,-0.27808326205744677,-0.046099999999999995,4577.918825,
Fe_dopedwith_V.cif,V_atom.cif,4757.379792050708,266.8329098068172,4884.305939564637,-0.04117322188937306,0.01180555672530377,0.018876767943522346,0.05297877861467683,-0.014683832582034644,-2.594733333333333,4757.340871,
Fe_dopedwith_Co.cif,Co_atom.cif,4784.073042772206,254.24732961185632,4916.837490004291,-0.3690484530453088,1.6353208846203695,1.6434413679162636,2.004369337665678,0.6331362157875303,-1.7754666666666667,4784.046411,
Fe_dopedwith_Pd.cif,Pd_atom.cif,4849.009451833378,368.1826287881215,4973.942612135184,-0.45164430548215234,-0.43703898949697845,-0.44336898992723356,0.014605315985173895,-0.4443416474895654,-1.9409333333333334,4848.980338,
Fe_dopedwith_Ni.cif,Ni_atom.cif,5511.394948878777,1060.2859725735113,5635.008642049568,-1.0804923800875497,-1.024705837226697,-1.050792085852539,0.055786542860852606,-1.0525991086571234,-2.0680666666666667,5511.363928,
Fe_dopedwith_Fe.cif,Fe_atom.cif,4680.87094324778,168.4939133147652,4815.986773539773,-0.49169610865824487,1.9058370453716829,0.29943287956767567,2.3975331540299276,0.707070468356719,-0.0,4680.870943,4680.87094324778
Fe_dopedwith_Re.cif,Re_atom.cif,4664.513995449547,159.071393433637,4791.478173797496,0.08572470891178491,0.15557464768763557,0.17599894044478692,0.06984993877585066,0.12064967829971024,-2.351266666666667,4664.478727,4680.87094324778
Fe_dopedwith_Y.cif,Y_atom.cif,4579.221490790386,73.46545161553219,4705.0383682095135,0.9218464966015556,1.0956865554003887,1.1267293281737567,0.17384005879883313,1.0087665260009722,-1.31,4579.201841,4680.87094324778
Fe_dopedwith_Sn.cif,Sn_atom.cif,5118.409311560994,626.9408786687643,5245.240063031562,-0.2841402491484479,-0.24413571818056884,-0.2653940634332406,0.04000453096787904,-0.26413798366450836,-1.3800000000000001,5118.388611,4680.87094324778
Fe_dopedwith_Sc.cif,Sc_atom.cif,4719.588045963948,218.44088773552502,4847.420549983005,-0.16547184924860367,0.9957072814609877,1.016420884121745,1.1611791307095913,0.415117716106192,-1.6563333333333334,4719.563201,4680.87094324778
Fe_dopedwith_Cu.cif,Cu_atom.cif,5044.823770731255,544.6508459939035,5173.052535938476,1.0462931411533214,1.0483519407619604,1.0817327535684056,0.0020587996086389726,1.0473225409576408,-2.1113999999999997,5044.7921,4680.87094324778
Fe_dopedwith_W.cif,W_atom.cif,4639.487131087543,148.53510377813075,4765.013018596619,0.16696570306644642,0.2672332761946165,0.22518590851694437,0.10026757312817008,0.21709948963053147,-1.8789333333333333,4639.458947,4680.87094324778
Fe_dopedwith_Pt.cif,Pt_atom.cif,4784.612068156545,313.1748607963626,4909.546258871403,-0.5220897162306646,-0.44136407743515704,-0.4785910473788792,0.08072563879550754,-0.4817268968329108,-1.4956,4784.589634,4680.87094324778
Fe_dopedwith_Ag.cif,Ag_atom.cif,5012.533491038055,542.8965895138958,5137.688371371567,-0.9227285167790107,-0.8765552414555687,-0.8521653847377346,0.046173275323441954,-0.8996418791172898,-1.6455666666666668,5012.508808,4680.87094324778
Fe_dopedwith_Cd.cif,Cd_atom.cif,4894.278944177662,390.2793344473824,5022.310907554631,0.050871198810069705,0.9629880228681209,0.5085899039811941,0.9121168240580512,0.5069296108390953,-0.0,4894.278944,4680.87094324778
Fe_dopedwith_Ir.cif,Ir_atom.cif,4769.611808227663,294.2471005476504,4894.742621776812,-0.1211430151829801,-0.09915323026677794,-0.07379656360904349,0.021989784916202154,-0.11014812272487902,-1.9841333333333335,4769.582046,4680.87094324778
Fe_dopedwith_Rh.cif,Rh_atom.cif,4752.491024333925,264.0309394596726,4878.4147118138335,-0.08458265203480383,-0.0424660191516372,-0.03220928766531743,0.04211663288316664,-0.06352433559322052,-2.4393333333333334,4752.454434,4680.87094324778
Fe_dopedwith_Nb.cif,Nb_atom.cif,4653.616635511137,142.8318614260189,4777.971004947352,0.4053991807337529,0.3976644263965783,0.4339379022520136,-0.007734754337174632,0.4015318035651656,-2.8145333333333333,4653.574417,4680.87094324778
Fe_dopedwith_Zn.cif,Zn_atom.cif,5241.766271655792,752.9217406207555,5367.9796540917505,0.51759625187179,1.1511960795820888,0.8419152628062269,0.6335998277102988,0.8343961657269394,-0.0011,5241.766255,4680.87094324778
Fe_dopedwith_Mo.cif,Mo_atom.cif,4701.229512670939,227.84131292138156,4827.867619782652,-0.2727747683504386,0.9376567637794405,0.3350799737119802,1.210431532129879,0.332440997714501,-0.0,4701.229513,4680.87094324778
Fe_dopedwith_Sb.cif,Sb_atom.cif,5265.543267934701,775.5033269620643,5392.34769041241,-0.5341973182065916,-0.5331453679682763,-0.4815641463856662,0.0010519502383152801,-0.5336713430874339,-1.5381666666666667,5265.520195,4680.87094324778
Fe_dopedwith_Hf.cif,Hf_atom.cif,4603.65088633284,102.87642668178269,4729.52031964873,0.7865315336247533,0.8027614450699431,0.7964513838128859,0.016229911445189815,0.7946464893473482,-2.920766666666667,4603.607075,4680.87094324778
Fe_dopedwith_Au.cif,Au_atom.cif,4717.994257790461,212.83403888070242,4846.954582192694,-0.4900293446240832,-0.4247748847139092,-0.40950017933128435,0.06525445991017403,-0.45740211466899616,-1.7631333333333332,4717.967811,4680.87094324778
Fe_dopedwith_Ta.cif,Ta_atom.cif,4613.178215724158,116.89662563024271,4738.693862126368,0.4511969619280757,0.4722332541030852,0.4949590266841571,0.02103629217500952,0.46171510801558047,-2.6926,4613.137827,4680.87094324778
Fe_dopedwith_Zr.cif,Zr_atom.cif,4618.44718388889,118.96462394449473,4743.622198091347,0.7195542030337815,0.7794134744903508,0.759953023987195,0.05985927145656933,0.7494838387620661,-0.8296333333333334,4618.434739,4680.87094324778
Fe_dopedwith_Pb.cif,Pb_atom.cif,4943.412862643899,446.7512221518494,5070.740944658805,-0.04378460316157667,-0.012717205992795886,-0.027984789533738643,0.03106739716878078,-0.028250904577186278,-1.3561666666666667,4943.39252,4680.87094324778
Fe_dopedwith_Bi.cif,Bi_atom.cif,4888.911823838633,451.4762805599997,5014.870873110539,-1.3515320817570882,-1.4325860179222132,-1.318725116324906,-0.08105393616512502,-1.3920590498396508,-1.3213000000000001,4888.892004,4680.87094324778
