CIF file,Atom CIF file,Total Energy (eV),Dopant Energy (eV),CO2 Slab Energy,HOMO (eV),LUMO (eV),Fermi Level (eV),Band Gap (eV),Work Function (eV),Chemical Potential (eV),Entropy (eV/K),Free Energy (eV),Local Magnetic Moments,Total Magnetic Moment,Pristine Energy (eV),Fe Atom Energy (eV)
Fe_dopedwith_Os.cif,Os_atom.cif,4617.622829374059,215.450490090322,4713.091757978231,-1.2718938583241146,-1.0575569056390268,-1.1596888233070854,0.2143369526850878,1.3817704222985383,-1.1647253819815706,-0.19486666666666666,4617.619906,"[-4.4680427133738094e-05, 0.0006071340604746653, 2.447515392520503e-05, 8.791531670656335e-05, -0.003476195434271243, 0.0021575679571399584, 3.578360752568035e-05, 0.0023278905985527664, 0.0003385006976734644, -0.00012925274177945698, 7.25732821149863e-05, 7.510505443200305e-05, -0.018136225450825372, 6.539205240591756e-05, 0.02115061322690315, 0.0002444247242096862, -8.0784904693033e-05, -0.018598128831312555, -0.00023998938700758388, 0.0013736336746102635, -0.0008152348971518578, 0.001995852401191636, 1.8219239420954907e-05, 0.0032607362001333996, -0.0012412883652117498, 0.0025808853595019367, -0.017897340956625603]",0.013809203020988071,4598.5478328412755,168.4939133149881
Fe_dopedwith_Hg.cif,Hg_atom.cif,4938.325375901103,601.399915411906,5059.2574138399505,-3.90869380313225,0.6116843135313844,-0.8654984513943409,4.520378116663634,1.0285152078090136,-1.6485047448004329,0.0,4938.325376,"[1.241562717878731e-13, -7.17236612800067e-14, -1.3369168068980044e-14, -4.940664036880559e-14, 8.138061730611168e-14, -6.808243608195712e-16, -1.0377497066261602e-14, 1.749867866576463e-14, -2.6810462979165275e-14, 2.006697274941374e-14, 3.3514733301927664e-14, 2.137198975657743e-15, -3.429955503453119e-15, -6.152420850593275e-15, -1.757443679173211e-15, -3.599634449992674e-15, 3.7541572034080266e-14, 2.4348937100846968e-17, -3.22401937480819e-14, 2.8715657113583376e-14, 2.502379141621307e-14, 2.3216715214457317e-14, -6.241359901956087e-14, -2.584188133005217e-14, -1.9921213324018324e-15, -4.521699123090267e-14, -1.1037061504190677e-14]",6.125776796199403e-14,4598.5478328412755,168.4939133149881
Fe_dopedwith_Ru.cif,Ru_atom.cif,4750.034486695615,354.26470649592216,4837.311288501115,-1.8001689863745647,-1.7967984288474614,-1.797143312316263,0.003370557527103246,1.9120430156564479,-1.798483707611013,-2.7178,4749.99372,"[-1.7191638675326834e-09, -2.496709396740908e-07, -1.3388135670491368e-09, -6.01113107442804e-08, 2.625756267527114e-07, -1.7057491720154817e-07, 6.740457773544602e-10, -4.313275587125716e-08, 1.7900933735367015e-07, -1.2861281670284665e-08, -6.485771627962799e-10, -2.056770798553469e-09, -4.647291222671591e-07, 3.480201657835837e-10, 1.6738628918920203e-06, 1.1458605816750148e-08, -2.74899604598419e-09, -1.640346397283197e-06, -3.537951302068195e-09, -8.339781097601195e-08, -2.1027021679658084e-07, 1.0143197034124039e-07, 3.2031810279878887e-10, 2.027550066604035e-07, -1.826195128539027e-07, 9.369495266877356e-08, -1.2219135155560059e-06]",-5.315429673640311e-06,4598.5478328412755,168.4939133149881
Fe_dopedwith_Ti.cif,Ti_atom.cif,4717.020504605969,294.4086292785259,4801.694363583134,0.014679160894421015,0.3800264112064402,0.20528907543141042,0.3653472503120192,-0.16395914467828468,0.1973527860504306,-0.026,4717.020114,"[2.9383618249319645e-05, 1.2694522274492226e-05, -2.1677371911616862e-06, 1.586498827987941e-05, -0.00019321270007756407, 0.00046465392687092684, -2.4704940436088676e-06, 0.0004556189112998888, -0.000935463590038713, -0.00017139447895166986, -1.2761003550741637e-05, 0.00012615981900059112, -0.0035926372451765345, 0.00012598369088767075, 0.011129438692130709, 0.00010028264051132254, -0.00017157249353358264, -0.0036117576149946357, -1.6489112699281382e-05, 0.00018491744528254257, -0.0010075353620345824, 0.00018824796388918093, 1.8329330485950936e-05, 0.0018122288070467625, -0.0010090777821287408, 0.0018144754499560454, 0.0005307597720901995]",0.001544623187892706,4598.5478328412755,168.4939133149881
Fe_dopedwith_Mn.cif,Mn_atom.cif,4804.198143271706,398.0387214475745,4898.381758747034,-1.5936714948732913,-1.5451287313419704,-1.5318084200754922,0.04854276353132092,1.686972826776626,-1.5694001131076307,-2.0274333333333336,4804.167732,"[-2.5974600263314974e-13, 1.6829683098872074e-11, 2.334535844224958e-12, 1.2477589817381115e-10, -7.821943409290403e-11, 1.1784941248977294e-11, 1.8792507125911746e-12, -2.8945012745657695e-11, 2.838072691247478e-11, 2.5027546300324237e-12, 1.2575912029732343e-12, 1.164529022082699e-11, -2.2148281222861765e-09, 3.726263249429438e-12, 2.3257895647284508e-09, -3.658152079333814e-12, 3.885200164569532e-12, 7.424626615616157e-10, -2.5642430277525668e-14, 6.033559009276742e-11, 1.2648402473634846e-10, -3.2899514858619257e-10, 4.236001121377913e-13, 3.2811264782195454e-10, -3.0483587194689805e-10, 2.762081895626022e-10, 8.464152856316935e-10]",9.795827103381053e-09,4598.5478328412755,168.4939133149881
Fe_dopedwith_Cr.cif,Cr_atom.cif,4489.640460173112,68.10896054458404,4587.314152393269,-0.8711747107954019,-0.591897962779468,-0.7239046736873408,0.27927674801593383,0.8859939419318175,-0.731536336787435,-0.13196666666666668,4489.638481,"[3.1804101621976554e-06, -0.008461865508778966, -4.758546680217578e-07, 0.006028688235801029, 0.0010474346042003172, 0.0001904946269131394, 8.295054232914533e-06, -0.00015595999216592985, 6.039294499226304e-05, 1.5228816551723532e-05, 0.00016284621073955473, 1.1070757377126022e-05, 0.041862815901820075, 5.174742183828082e-05, 0.007441142330140111, -4.2257260471168314e-07, -9.546128086271778e-06, -0.055072040973635335, -4.97115850196501e-06, 0.0026932608475714226, 0.0010801259121855727, -0.002101823774105608, 2.8621220510256072e-06, -0.0018412422488497777, -0.00014592310130790513, 0.0014327780332346535, -0.005712152604144135]",-0.013943950229428188,4598.5478328412755,168.4939133149881
Fe_dopedwith_V.cif,V_atom.cif,4683.68353691153,266.83290980682096,4791.813388851256,0.0487751840704905,-0.8301961179668401,-0.3784760069940684,-0.8789713020373306,0.5116493553357833,-0.3907104669481748,-0.00013333333333333334,4683.683535,"[0.0001789775521077231, 0.002369470861305979, 0.00016595321128605895, 0.0023688662883814444, 0.0025176611102579664, 0.00033690570950203435, 0.00016593184017959578, 0.0003396827109644559, 0.0005970798612984973, 0.00029191101608474677, 0.0007323700069290022, 0.0007711628048418484, 0.0466915146348255, 0.0007712733050552568, 0.04612070554496711, 0.00040072645167373326, 0.0002932518067930286, 0.0467272255507334, 0.000727763154555648, 0.005271743183637323, 0.0050692950741816805, 0.005267940764844664, 0.00013213269385767344, 0.005017335649780205, 0.005062737743925725, 0.005015075978545892, 0.26126007140487234]",2.9999907866094877,4598.5478328412755,168.4939133149881
Fe_dopedwith_Co.cif,Co_atom.cif,4685.32810994065,254.24732888034507,4769.265915965319,-3.130676294078456,1.3046372631169,1.376843253480741,4.435313557195356,-1.2645120607112446,-0.913019515480778,-0.6579,4685.318241,"[4.323057766444696e-14, 4.4760970894463296e-14, -1.6901236404450924e-16, 3.6580296858847784e-14, -3.1436016118924684e-15, -9.744656436712123e-14, -4.8344109728839826e-15, -7.634858906980852e-14, -3.3530220169466686e-14, 6.03773860194099e-14, -7.450715930302363e-14, -3.042291814983632e-14, 1.3593112944884592e-14, -2.5683191650511894e-14, -3.7486650799300486e-14, -1.6400022282739775e-15, 5.039118574706186e-14, 2.812593511023985e-14, -5.754197213732446e-14, 1.750496464008438e-14, 2.5211539589804018e-14, 2.1160724953161163e-14, 5.630832486573561e-14, -4.943860685670066e-15, 2.0470951691714072e-14, -4.687404078415038e-15, 1.0566771036182443e-14]",-1.4121629499829234e-13,4598.5478328412755,168.4939133149881
Fe_dopedwith_Pd.cif,Pd_atom.cif,4734.632885872285,368.182619205304,4857.316430508946,-1.6653536607052348,-1.481625147577928,-1.5594007687951537,0.18372851312730676,1.9802914143772314,-1.5734894041415814,-0.32636666666666664,4734.627991,"[5.408384554548952e-06, 0.0004566736885172451, -3.6619003071576965e-05, 0.0004543333389453227, 6.365307830448618e-05, -0.0013405938114683634, -3.6466939953734746e-05, -0.001332382504061056, 0.0026160040776397626, -0.0006728588870623958, 0.00042394528591294274, -0.00022310077101538226, 0.02669931702662065, -0.00022450638496584698, -0.03327640085773087, 0.0003668140313379892, -0.0006706311145785324, 0.026655122256868884, 2.311481286118476e-06, 0.0019375582982056505, -6.170046210419533e-05, 0.0019392853927846735, 4.916946985588752e-05, -0.000715611327251297, -6.316011194436162e-05, -0.0007147899188513288, -0.02793586596830954]",-0.03014315242132239,4598.5478328412755,168.4939133149881
Fe_dopedwith_Ni.cif,Ni_atom.cif,5454.705845135245,1060.2859719659612,5530.465861401718,-1.7477216939737032,-1.7456751265475807,-1.7562571426519777,0.0020465674261225253,1.9142179516846518,-1.746698410260642,-2.5831666666666666,5454.667098,"[-2.925784948548557e-11, 2.25719917456318e-09, 3.1589665168166676e-11, -4.726885725467517e-09, -2.595589540826467e-10, 1.8167405803275765e-09, -8.651790634796597e-11, -7.216257084472775e-09, -1.392012698576324e-09, 4.698899026853727e-11, -4.0205480527568167e-11, -5.8479060275854305e-12, -3.6147071484390136e-08, -5.541035532252971e-11, -1.471811026144842e-09, -1.5340154207249224e-11, -1.1571865887716147e-10, 1.8198811764815124e-08, -8.055386151834823e-11, 3.5972017296424805e-09, 6.427794315309962e-11, -5.395378381440384e-09, -2.4551022642594584e-11, -2.85177193446477e-09, -2.883147550042904e-09, 2.128361724515648e-09, -2.2366660718112827e-08]",-2.1818522539094571e-07,4598.5478328412755,168.4939133149881
Fe_dopedwith_Fe.cif,Fe_atom.cif,4598.5478328412755,168.4939133149881,4695.6323890609665,-3.319161319139302,1.4805043776931013,-2.561769432398598,4.799665696832403,2.5904785499285397,-0.9193284707231003,-0.0,4598.547833,"[6.709053305189029e-09, -8.860784672727223e-10, -1.1462748926956419e-08, 6.835877815370385e-10, 2.7809140857194126e-09, -9.629470212430763e-10, -7.762089236213905e-10, -4.087795024846375e-09, -4.510726217749812e-09, -2.813090594694184e-08, -3.91379096633487e-09, -1.0042740840907853e-08, -3.173821899767487e-08, 1.8972923395599865e-08, -1.3792480675575921e-07, -6.815259891378445e-09, 5.7083765220666896e-09, -5.952694828896678e-10, 5.2284387505343e-09, 3.5539924945963968e-09, -4.536224785716035e-10, -3.084659755891609e-08, 6.578237990800177e-09, -2.48285114474341e-07, -4.0732616547762583e-10, -3.069658354204925e-09, -1.214050428467105e-07]",2.7256230046028594e-14,4598.5478328412755,168.4939133149881
Fe_dopedwith_Re.cif,Re_atom.cif,4576.757777182695,159.07138910286946,4664.367083016095,-0.9205767968162221,-0.887579331848149,-0.8708217713647721,0.0329974649680731,1.04440435485512,-0.9040780643321855,-2.8729333333333336,4576.714683,"[-2.142895181560832e-08, -6.456089868684582e-07, -2.450200734963349e-08, -6.447060349534652e-07, -5.745081090984466e-07, -2.0559506872277898e-07, -2.3944549597022298e-08, -2.0986669617209663e-07, -3.492977438801541e-07, -2.9403035658793278e-08, -8.587276401670907e-08, -3.072894221361922e-08, -4.927347653175408e-06, -2.9638045610004185e-08, -3.4693063099294995e-06, -2.4369233905876345e-08, -2.9493869717329913e-08, -5.179918151651512e-06, -7.979437368455847e-08, -6.421714172996166e-07, -4.1445082553932624e-07, -6.244273416168868e-07, -1.9584871303110232e-08, -3.427560262138621e-07, -3.803684308335657e-07, -3.372505736090267e-07, -4.410179118094646e-05]",-0.0002064082855696217,4598.5478328412755,168.4939133149881
Fe_dopedwith_Y.cif,Y_atom.cif,4503.11420154184,73.46545162029938,4585.036468194083,1.0340214490740254,0.22382422946282,0.5572037619582159,-0.8101972196112054,-0.4181203182315381,0.6289228392684227,-0.005366666666666667,4503.114121,"[-0.0003104171936524788, -0.0021566486097799346, -0.00030757499124210334, -0.0021559047623787657, -0.0022385292569763447, 0.00044801696987809177, -0.0003090390827059402, 0.00044656876316157977, 0.0007384620128294124, -0.0004906659266447848, -0.0005363023119377319, -0.0006264606650340987, -0.019375650575962414, -0.0006266486923717114, -0.020439778806005733, -0.0006758065219541113, -0.0004924094108985816, -0.019383890429042105, -0.0005090999457434657, -0.002371648901961642, -0.0015909997609238051, -0.0023702052116568815, -0.0002590206315398725, -0.001970181394919697, -0.0015903271028571047, -0.0019696821539973985, -0.42807587091292]",-2.9999997153189093,4598.5478328412755,168.4939133149881
Fe_dopedwith_Sn.cif,Sn_atom.cif,5041.503336444448,626.9408786516593,5130.4852675416605,-2.0325371943890267,-2.046819634464129,-2.038410264032074,-0.014282440075102265,2.137540095936888,-2.039678414426578,-1.4762333333333333,5041.481193,"[-4.295749532042754e-14, -1.4509528015279885e-13, -3.4496598255418865e-14, 3.486710465050046e-13, -3.569416617574157e-14, 1.390372956450334e-13, 2.5197190184465603e-14, -6.830398384077524e-14, 3.7976339690987314e-14, -1.127792424419911e-13, -2.430625862888131e-14, 1.0022499089229188e-13, 1.3707129487298775e-12, -3.801502992487045e-14, -7.234667924937626e-14, 7.177768545578109e-14, -2.368202060008618e-14, -1.1253329937831422e-13, 5.031252101194119e-14, 9.74736249813108e-14, 1.861477736085475e-13, 1.1300931059023565e-13, -3.8066170915043414e-14, -1.2134252039342297e-13, 7.509772340292966e-14, -9.992058280978833e-14, 1.159898554350433e-12]",8.286735283362613e-12,4598.5478328412755,168.4939133149881
Fe_dopedwith_Sc.cif,Sc_atom.cif,4642.64739787225,218.44090375123218,4732.817891726878,-1.4272622680391218,0.5783063589749986,0.606895754657838,2.0055686270141204,-0.5843115226580117,-0.4244779545320616,-1.3821,4642.626666,"[-6.806753529484009e-14, -4.981927100301994e-14, 3.359609864458692e-14, -4.3689685958928595e-14, -2.0528653377042732e-14, 1.1979434309960248e-13, 2.6095346604774005e-14, 1.2789423559925482e-13, 1.884940346140978e-14, -2.9508774380553145e-14, -6.625064367965145e-15, -3.4913362422651624e-14, -1.5120210568465477e-15, -3.9224856909503466e-14, 5.2840251434394384e-14, 4.750566845570324e-14, -4.083573632050574e-14, 3.944266953843149e-14, -3.759905451097749e-14, -8.843056852809263e-15, 4.922474735893807e-16, -1.8877172383021052e-14, 1.675388144111328e-13, -7.377820132853264e-14, 3.7565048558995666e-15, -7.449123405690457e-14, 1.4785853621295253e-13]",2.8016312402359245e-12,4598.5478328412755,168.4939133149881
Fe_dopedwith_Cu.cif,Cu_atom.cif,4956.273408890151,544.6508429407145,5057.580859502524,0.4528355588132392,0.433458384940498,0.7057482298218458,-0.019377173872741238,-0.6186874888071452,0.4431469718768686,-0.022533333333333332,4956.273071,"[-1.5489143407993922e-05, 0.0005598700546830999, -6.5636246045837235e-06, 0.0005598906808997562, 0.0005892952578287511, 0.00017114671129903243, -6.5371548130253095e-06, 0.0001711768017882944, 5.9270840858043127e-05, 7.133720878956836e-05, 0.0006270135006359507, 0.0006315773088048665, 0.01778320590220449, 0.0006316673428544014, 0.019587960636525254, 0.00014597886328049993, 7.129317264206671e-05, 0.017785143190297968, 9.408933992279191e-05, 0.002029491918528892, 0.002294568184287391, 0.0020294310529633797, 0.00012173488409387078, 0.00224787491341765, 0.0022944309169948512, 0.0022475740652035067, 0.06079721683674249]",0.9969149201043004,4598.5478328412755,168.4939133149881
Fe_dopedwith_W.cif,W_atom.cif,4567.477240466094,148.53510309038828,4671.155069521708,-0.7856867772614328,-0.6803015466559446,-0.7296915649747772,0.10538523060548821,0.9028085356555107,-0.7329941619586886,-1.7548000000000001,4567.450918,"[-5.083652289264535e-14, -1.402918720334806e-12, -3.515911773644233e-14, -9.594128066191916e-13, -8.190077423786759e-13, -3.2296160937088155e-13, -3.2362420494606877e-14, -4.1075457562066496e-13, -4.444130971861276e-13, -7.462055430796903e-14, 3.1064334294327542e-15, -3.21534904560039e-14, -6.537104207552034e-12, -8.633877914731473e-15, -5.181648286020372e-12, -4.222656607427447e-14, -9.136982549698135e-14, -7.585952866022525e-12, 1.1704867515917276e-15, -4.929185994209418e-13, -6.960679526193633e-13, -7.676107422927725e-13, 4.694380133817491e-14, -6.21429905230488e-13, -3.9710857607632025e-13, -1.7597325268396785e-13, -3.794486859770522e-11]",-2.7103813028622524e-10,4598.5478328412755,168.4939133149881
Fe_dopedwith_Pt.cif,Pt_atom.cif,4669.336210103587,313.17486526163367,4813.317766335151,-2.422977100456867,-2.460533380833848,-2.426799465960885,-0.037556280376980666,2.7015406812637193,-2.4417552406453575,-2.0141,4669.305999,"[-4.570779956530298e-11, 1.0682988326992863e-10, -7.112404575547301e-11, 5.859671962233451e-11, 3.988104452887987e-11, -1.1988807208629512e-09, -7.30790436262286e-11, -8.993763191775468e-10, -2.515250269562386e-10, -5.363931936794335e-10, -1.658451508266008e-10, -2.6602669967825e-10, 3.61865790749779e-11, -2.864671555243566e-10, -2.7449540715926564e-08, -4.4085984053250494e-10, -4.944542606649361e-10, 2.210059562409308e-09, -3.2936852939223296e-11, 1.613278392133948e-10, -4.07745564679255e-10, 1.2306178286003227e-10, -8.80654806323911e-11, -2.7580874251112634e-10, -3.280010376767673e-10, -3.3233770056204245e-10, -1.2381515714899102e-07]",-4.0226815199139153e-07,4598.5478328412755,168.4939133149881
Fe_dopedwith_Ag.cif,Ag_atom.cif,4901.856259286604,542.8965828195031,5026.7994797911615,-2.556239921809655,-2.5363016301616645,-2.502273469232123,0.019938291647990436,2.8681282844605955,-2.5462707759856595,-2.0398666666666667,4901.825661,"[2.2761207497158245e-14, 2.933197361478553e-14, -8.627543951079527e-15, -3.3818236591393594e-14, -6.50108014664642e-14, 9.7863958449754e-14, 1.4259553136910548e-14, 1.1312836645509913e-15, 1.6290385721028076e-13, 8.063490449008806e-16, 1.6295042035194282e-14, -1.5780739871343564e-14, -3.7571119300321676e-13, 6.897189776032807e-14, -1.1802982990831322e-12, 6.352381542832821e-14, -1.8726294976623374e-13, 8.846198685288134e-13, 6.631495801908502e-14, 1.717072196137972e-13, -2.0969662848568066e-13, -1.6438732205542894e-13, 2.830881426442763e-14, -3.378498389506901e-13, 1.7723863693415994e-14, -9.553161469075545e-15, -1.539540801424972e-12]",-8.314490680896701e-12,4598.5478328412755,168.4939133149881
Fe_dopedwith_Cd.cif,Cd_atom.cif,4807.622580922834,390.27934044075903,4911.581822096863,-0.29653398457102886,-0.17063561863711685,-0.22541839776191017,0.12589836593391202,0.4316456501642729,-0.23358480160407286,-0.7750666666666667,4807.610955,"[5.829908962819584e-05, 0.0010116639885282056, 6.515556131832418e-06, 0.0010003548590899998, 0.0010925192258063512, 0.0003740130622695442, 3.85838465730423e-06, 0.0003681273147010371, 2.1883371172753232e-05, -3.514394909518984e-05, -0.00021108414143472748, -9.451988844157001e-05, -0.001955562871621229, -8.664417449916927e-05, 0.0029154873720796245, 4.4631124065724166e-05, -3.2397129733594413e-05, -0.00219996736732109, 0.00017383865315492093, -0.0008798927669753877, 0.0005382305016709357, -0.0009097509296472432, 1.585540773899e-05, -6.861891592738255e-05, 0.0005718385359184534, -2.17619866468839e-05, 0.023574432590169253]",0.12748792513671092,4598.5478328412755,168.4939133149881
Fe_dopedwith_Ir.cif,Ir_atom.cif,4689.276296207778,294.24710089910565,4781.473625804636,-2.006716884869625,-2.0300633247631397,-1.978357902824241,-0.023346439893514592,2.134432659452573,-2.0183901048163824,-2.505933333333333,4689.238707,"[-4.260770605684891e-11, 2.152083199384244e-10, 2.3700772993951755e-11, -4.2389297190863537e-10, -5.935764637304921e-10, -1.434101508507822e-09, -1.0269092796514655e-10, 3.741366709884389e-10, -4.4153894146905167e-10, -2.941903587668283e-11, -4.9716998758022287e-11, 3.932124533123679e-11, -1.9722504732817673e-08, -2.2482071428974096e-10, -7.209690169444878e-09, -3.136351998985722e-11, -6.164275171011583e-11, 1.1562654078900563e-08, -3.39734735989562e-11, 5.784301345814393e-10, 9.337505585857383e-10, -1.5498379301064286e-09, -2.5302758727039347e-11, -1.850874318475735e-10, -2.664215525597917e-09, -1.595829911581082e-09, -5.2012676749945256e-08]",-2.2415998201497052e-07,4598.5478328412755,168.4939133149881
Fe_dopedwith_Rh.cif,Rh_atom.cif,4668.875982938923,264.03094113501317,4768.48255702857,-1.2618603055924278,-1.2129743344925523,-1.204663697002593,0.04888597109987547,1.474476729616041,-1.23741732004249,-2.5626333333333333,4668.837544,"[1.1479543846659092e-08, -2.8630067529003635e-08, -2.849535959789547e-08, -3.9855320368379054e-08, -1.4179132808854242e-07, -7.044414599597606e-07, -2.579551240344631e-08, -6.457508135145087e-07, -1.979422975104018e-08, -3.617808756129395e-08, 2.6698511954053415e-08, -1.4132590472326891e-07, 1.8402979532842487e-06, -1.378182435910961e-07, -1.7161372248314432e-05, -6.293375324437024e-08, -2.988011575563352e-08, 1.6899438872297773e-06, -4.926379735723452e-08, 3.1792696337660804e-07, -4.9653019443243954e-08, 3.952534362845291e-07, -5.425341241151143e-09, -1.7367206310112215e-06, -3.078451441114281e-08, -1.8116386389983803e-06, -6.530269368261113e-05]",-0.00028920649636963384,4598.5478328412755,168.4939133149881
Fe_dopedwith_Nb.cif,Nb_atom.cif,4564.945458779785,142.8318650741178,4651.828154320608,-0.5328361805364659,-0.5129187233395692,-0.4776320008244086,0.019917457196896637,0.6376584582153071,-0.5228774519380175,-2.0368333333333335,4564.914906,"[-1.0301850140507928e-09, -3.108494908948325e-07, 4.2237116548533385e-09, 3.209027425609096e-07, -5.454149701517678e-08, -2.75962091572188e-08, -4.780480722561907e-09, 9.325288963758387e-09, 6.74361373448943e-09, 1.5039153105955767e-08, -1.343150100558978e-09, 2.3709551772428414e-08, -2.9062677934191436e-06, -2.378975081491878e-08, 2.170680877617405e-07, -9.181411332433754e-10, -2.3512962003414212e-08, 2.465432469305253e-06, -1.5247086525699999e-09, 1.861659292980184e-07, 4.432540154824313e-07, -2.501533095439246e-07, -2.4073758658476104e-10, 3.2010714267827236e-07, -4.911457923780405e-07, -2.645518520542186e-07, -5.676449740104339e-07]",-4.356774515009515e-06,4598.5478328412755,168.4939133149881
Fe_dopedwith_Zn.cif,Zn_atom.cif,5148.744740364347,743.2809444268077,5254.657704789986,0.896975323259914,0.03872425306556955,0.6969272416686761,-0.8582510701943444,-0.5930821325210293,0.4678497881627418,-0.32593333333333335,5148.739851,"[-6.711910188028571e-06, 0.00017357227747966325, -1.894281513864492e-05, 0.000670818739626477, -0.00010111607318049427, -0.0006898131588192451, -1.0349137897641602e-05, -0.0004637868894027051, -0.000930580123886738, -0.0001245890423339461, -0.0005863653855333352, -0.00029618766457825414, -0.012885961149432343, -0.0005287586205148656, -0.007377716009441472, -5.173893691086268e-05, -0.000267749969740141, -0.010296433635877771, -0.00027960708378741827, -0.0008495778888359309, 7.042621018667233e-05, -0.0012752994763175665, -4.895921520266733e-05, 0.0003282250829654685, -0.0008041350311595471, -0.00018398517081104603, -0.25768591371099386]",-2.0002887242112197,4598.5478328412755,168.4939133149881
Fe_dopedwith_Mo.cif,Mo_atom.cif,4646.587669433667,227.84131292138454,4728.020239102789,-1.2944962865210503,-1.125501487448554,-1.2121290515337144,0.16899479907249626,1.403491797988487,-1.2099988869848022,-0.5391333333333334,4646.579583,"[-5.009327213743543e-14, 7.738569003926127e-15, 1.1472379047767272e-15, -5.636030906061628e-15, 1.6583776580864584e-14, -1.6123426574451322e-15, -7.016179409873625e-15, -6.8943361041049646e-15, 4.232863255192588e-14, 2.951047060976936e-14, -8.709062239457442e-15, -1.1379333328662281e-14, -1.7753276813309478e-14, -2.5368402895304943e-14, 1.5511267932393124e-15, -4.674403608352664e-14, 3.2902997108813574e-14, -5.850143104925491e-15, -6.32273475354418e-14, 1.517966121011258e-14, -2.940740433361069e-14, 1.2906413868483258e-14, 5.516233204935446e-15, 1.8663718237537462e-14, -1.4479954952582168e-14, 2.1060789922058833e-14, -6.0990988996235905e-15]",-3.6998679347694506e-13,4598.5478328412755,168.4939133149881
Fe_dopedwith_Sb.cif,Sb_atom.cif,5197.163148021738,775.5033269611287,5276.628077233053,-2.1907925739209255,-2.3178892925501606,-2.2070595532663133,-0.1270967186292351,2.3445602227442173,-2.254340933235543,-2.0635000000000003,5197.132195,"[-2.929807840331228e-14, -5.3626270009162516e-15, 4.1001893738664104e-14, -4.878292194429635e-14, -1.423746953659126e-13, 3.0506378735318476e-14, 8.526136637306707e-14, 6.377605423517464e-14, 1.2678480322982877e-13, 6.185738552738253e-14, 6.316396045369356e-14, -6.063634671363837e-14, 8.919516166682002e-14, -3.3691320563550766e-14, 1.0610409748763076e-13, 3.0390836690237336e-15, 2.7745188879333223e-14, 7.267543472458768e-14, 6.891777147843043e-14, 1.2464884565890985e-14, 1.134471594390428e-14, 1.1926053049563467e-15, -6.550740934109026e-14, 4.756894848927447e-14, -1.2165176426167061e-14, 9.318691698917775e-14, 2.599553743869443e-13]",2.0469026730154637e-12,4598.5478328412755,168.4939133149881
Fe_dopedwith_Hf.cif,Hf_atom.cif,4517.397993108341,102.87642668421138,4621.556109392911,0.07205857048976232,0.5074840908484882,0.28935125142443163,0.4354255203587259,-0.18372417057373558,0.28977133066912525,-0.011433333333333334,4517.397821,"[2.231214174090267e-05, 0.0008543074315736285, -2.9481750462323294e-05, 0.00025398749865525197, -0.0008052530220219512, 0.0002142473786715969, -2.8539778419630734e-05, -0.0005758897594506864, -4.3614607320460225e-05, -0.00030418920445607204, 0.00011106879336593355, -0.00045967416124094104, 0.014961231918133536, 0.0006146505390752416, 0.006862916679392934, -5.8812920305714115e-05, -0.0001389113957094327, -0.016765018201453825, -5.7089414978747784e-05, 0.0004756195729635781, -0.0005530633608544203, -0.0009213174999872898, 2.6345920426787406e-05, -0.0008317225719944234, 0.0005115829496264516, 0.002462099941934381, -0.0029461763537023747]",0.00034766210904780344,4598.5478328412755,168.4939133149881
Fe_dopedwith_Au.cif,Au_atom.cif,4646.701298577902,212.83403912524614,4725.071556208243,-0.598193378232882,-0.6150153307499157,-0.5797331989412655,-0.016821952517033667,0.8331624858482762,-0.6066043544913988,-1.9898666666666667,4646.671451,"[1.7945972275028228e-06, 2.7782340851324778e-05, 5.417597664482844e-07, 2.1787669006323206e-05, -1.7987494430773517e-05, 1.997019431268654e-06, 2.153648163529772e-07, 3.819664754461585e-06, 1.3883058881371766e-05, 1.6431482151770361e-06, -8.908170069606909e-07, 9.208374140129977e-07, 0.00019488982226554164, 1.000470726220522e-06, -0.00019339937276703092, -1.2088954437272685e-06, 1.1391066588141124e-06, 0.00025521787560677135, 5.733767830964607e-07, -5.4733685683597716e-08, 3.606045768238041e-05, -6.618855648579017e-06, 3.062228976450167e-07, -1.218415041174193e-05, 3.558804781210768e-05, -6.395366481967332e-06, 0.0017873788530103174]",0.005259653485981586,4598.5478328412755,168.4939133149881
Fe_dopedwith_Ta.cif,Ta_atom.cif,4539.890022239023,116.89662444023412,4647.907676461862,-0.40268667708052197,-0.3865065988298505,-0.3558862026614166,0.01618007825067147,0.49393356583658576,-0.39459663795518624,-2.1393,4539.857933,"[9.180399927012949e-10, 8.653687032142465e-08, -2.0957529745987146e-10, -3.9442599957201314e-08, 1.8359230541571902e-08, -1.1531709510424638e-09, 2.2670740095902676e-09, 7.52209408469027e-09, 5.3496776828639616e-09, -3.28469715780264e-09, 2.4117796085981433e-09, -1.135567554869501e-09, 7.309393491681297e-07, 5.87224431860079e-09, 2.0586511419243163e-07, 2.7358138887901897e-09, 6.2713701442850274e-09, -3.587840796472993e-07, 1.2777896409780468e-09, -3.650353510512399e-08, -6.292523443516539e-08, 7.582093129884208e-08, 8.882056817795343e-10, -1.0365083931145427e-08, 1.0371063437627474e-07, 5.5403457908940005e-08, 1.5268784396983316e-06]",8.269388240072217e-06,4598.5478328412755,168.4939133149881
Fe_dopedwith_Pb.cif,Pb_atom.cif,4857.178055646184,446.75122567057184,4952.117359445466,-1.8182997720530123,-0.6234347565528089,-1.2227033747656277,1.1948650155002034,1.5198132001009426,-1.2208672643029106,-0.0,4857.178056,"[7.390508195909939e-14, -3.637891528551935e-14, 5.932218130303672e-14, -4.968998549922575e-14, 7.232863494147049e-14, -5.4378868083386775e-14, 4.991475704266517e-14, -5.789104269897524e-14, 7.454116495048641e-14, 2.958812167475116e-14, -4.7634804159254483e-14, -1.0527769260987895e-16, 1.905974558344837e-14, -5.479624279091341e-15, 1.436301592825887e-14, -5.867502001501693e-14, 4.509445306000496e-14, 3.530626929519976e-15, -1.495926302009364e-13, -2.7398105712412287e-14, -7.960320859028119e-15, -2.9544900775377664e-14, 9.38849931545141e-14, -1.2309654420151301e-14, -5.230246664041982e-15, -2.8594310387523433e-15, 1.8365568298253993e-14]",-2.0583051301083534e-14,4598.5478328412755,168.4939133149881
Fe_dopedwith_Bi.cif,Bi_atom.cif,4831.930901213375,451.47628055963156,4920.908243349221,-3.432757546497557,-3.222574895835782,-3.2201296254232226,0.21018265066177522,3.261974982759615,-3.3276662211666697,-1.818166666666667,4831.903629,"[2.8198074223288056e-14, -9.039569212475595e-14, -2.57872050895441e-14, -8.475620939822533e-14, -3.338000555293497e-13, 1.1583822618472855e-13, -3.748422362288649e-14, 1.0046638119534755e-13, -2.559494112519094e-13, 1.2399660401338056e-14, 4.6414757777482385e-14, -1.3639733845134897e-14, -3.2614689941293366e-13, -7.020637512974968e-15, -6.824888195729949e-13, -6.167784288735551e-14, 3.4875013205167e-15, -3.5672262015757687e-13, 1.9890339280220698e-14, -1.5734509573966717e-13, -4.860487118064546e-14, -1.404149299607405e-13, 1.1445763568596664e-13, 7.464431949563237e-14, -4.030831099374056e-14, 8.982145665005269e-14, -5.662585268121479e-13]",-5.978090022431312e-12,4598.5478328412755,168.4939133149881
