CIF file,Atom CIF file,Total Energy (eV),Dopant Energy (eV),CO2 Slab Energy,HOMO (eV),LUMO (eV),Fermi Level (eV),Band Gap (eV),Work Function (eV),Chemical Potential (eV),Entropy (eV/K),Free Energy (eV),Local Magnetic Moments,Total Magnetic Moment,Pristine Energy (eV),Fe Atom Energy (eV)
Fe_dopedwith_Os.cif,Os_atom.cif,4776.692804,215.4504974,4821.424687,4.574782644,4.625014977,4.614313397,0.050232332,-4.125457999,4.599898811,-1.801933333,4776.665775,"[-3.4593121959588505e-14, -8.015531613626661e-14, -8.015531613626661e-14, -5.841337197773393e-14, -2.6142673084823428e-14, -5.841337197773393e-14, -4.781216670752706e-14, -4.781216670752706e-14, -9.583451852197539e-14, 2.6035274051016816e-14, 6.559212154965958e-14, 6.559212154965958e-14, 6.808773986340177e-14, 2.0998542074616062e-14, 6.808773986340177e-14, 4.952436609684921e-14, 4.952436609684921e-14, 3.052782919921004e-14, -2.414802043923921e-14, -1.1198101801367129e-14, -1.1198101801367129e-14, -2.1749260037662968e-14, 8.304019374517723e-15, -2.1749260037662968e-14, -9.375843993891933e-15, -9.375843993891933e-15, -7.320964271108568e-14]",-6.99E-13,4784.643143,168.4939133
Fe_dopedwith_Hg.cif,Hg_atom.cif,5109.424862,601.3999151,5144.01693,3.948802194,4.060589901,4.002595376,0.111787708,-3.558947944,4.004696048,-0.8845,5109.411595,"[-1.1039342382405674e-14, -5.08747590182889e-15, -5.08747590182889e-15, -6.998310098710567e-15, 1.0030869896106592e-14, -6.998310098710567e-15, -2.3520083631432924e-15, -2.3520083631432924e-15, -1.3047585570292053e-14, 5.1829429246863765e-15, -2.5660669815752316e-14, -2.5660669815752316e-14, -8.68528225772305e-16, -4.358669567383021e-14, -8.68528225772305e-16, -2.2296736424525753e-14, -2.2296736424525753e-14, 1.0268234221142338e-14, 2.0877298698851856e-14, 1.0076262734447109e-14, 1.0076262734447109e-14, 1.3966435237773942e-14, 2.378986053936709e-14, 1.3966435237773942e-14, 4.190022645369368e-15, 4.190022645369368e-15, 2.4789752975162735e-14]",-6.64E-14,4784.643143,168.4939133
Fe_dopedwith_Ru.cif,Ru_atom.cif,4896.644756,354.2647065,4939.684832,4.498092182,4.497742641,4.499045899,-0.000349541,-4.233867593,4.497917412,-1.617,4896.620501,"[-1.8974980903346313e-14, -7.450785770127459e-15, -7.450785770127459e-15, -1.8114478264583988e-14, -3.085026801943972e-14, -1.8114478264583988e-14, -2.007622862984578e-14, -2.007622862984578e-14, -2.7238625457914268e-14, -2.4094272810507957e-14, -1.2198845770100258e-15, -1.2198845770100258e-15, -1.6235113120863773e-14, -3.82827546269092e-15, -1.6235113120863773e-14, -9.684629405458115e-15, -9.684629405458115e-15, -2.353678077935643e-14, 2.5034571021965674e-16, 2.1311048687071946e-14, 2.1311048687071946e-14, 8.711927084213909e-15, 8.42311913315054e-16, 8.711927084213909e-15, 3.3179319887153778e-15, 3.3179319887153778e-15, 2.7278640109191738e-14]",-1.18E-13,4784.643143,168.4939133
Fe_dopedwith_Ti.cif,Ti_atom.cif,4871.971733,294.4086293,4895.812333,4.342826703,4.484857476,4.420204002,0.142030773,-3.890043261,4.413842089,-0.748233333,4871.960509,"[4.074593311730742e-15, -3.94079650837145e-15, -3.94079650837145e-15, -2.733434553788915e-14, -9.715481259963903e-15, -2.733434553788915e-14, 5.016605291410226e-14, 5.016605291410226e-14, -1.936593207314799e-15, 7.91183039758453e-15, -3.017699660811093e-14, -3.017699660811093e-14, -3.476063110390149e-14, -9.37182927366068e-15, -3.476063110390149e-14, -2.1945909460293272e-14, -2.1945909460293272e-14, -3.3977792966805734e-14, 2.4185294300510245e-14, -3.5112191364395375e-15, -3.5112191364395375e-15, -6.002187676179145e-16, 1.4777171377086673e-14, -6.002187676179145e-16, 3.142887378538681e-14, 3.142887378538681e-14, -2.7828616708407973e-14]",-4.57E-13,4784.643143,168.4939133
Fe_dopedwith_Mn.cif,Mn_atom.cif,4969.909536,398.0387213,4983.871609,3.913240584,4.222903997,4.252440404,0.309663413,-3.678459206,4.068072291,-1.419533333,4969.888243,"[5.686344947949819e-15, -1.47188100136856e-13, -1.47188100136856e-13, 1.1710194159040332e-13, 1.5598541254408963e-13, 1.1710194159040332e-13, 3.6049356906290554e-14, 3.6049356906290554e-14, -2.3887562978005056e-13, -9.276737020814096e-14, 1.0110736075586507e-14, 1.0110736075586507e-14, -1.2231816402188205e-13, 2.105422788541128e-13, -1.2231816402188205e-13, 4.213830148840227e-14, 4.213830148840227e-14, 1.9090283381735687e-13, 8.177966879988228e-14, -1.4247935894759306e-13, -1.4247935894759306e-13, -4.6644520188108323e-14, -2.601354034596145e-14, -4.6644520188108323e-14, -1.5358757334558962e-13, -1.5358757334558962e-13, -9.153639304704405e-13]",-1.08E-12,4784.643143,168.4939133
Fe_dopedwith_Cr.cif,Cr_atom.cif,4676.531588,68.10896092,4704.695809,5.02195065,4.941947799,4.975510764,-0.080002851,-4.458174419,4.981949224,-1.496366667,4676.509143,"[-2.5292518738099965e-14, -8.135235546183376e-14, -8.135235546183376e-14, -9.217396764235414e-14, -3.1048016988647864e-14, -9.217396764235414e-14, -3.9548535061717945e-14, -3.9548535061717945e-14, -1.682058995634113e-13, -4.854980107388808e-14, -4.0612703635132276e-14, -4.0612703635132276e-14, -3.226960351821646e-14, -6.787047603312766e-14, -3.226960351821646e-14, -3.9261941700480526e-14, -3.9261941700480526e-14, -5.777867180065579e-14, -4.979888815118695e-14, -1.260260809685855e-14, -1.260260809685855e-14, -1.2158707292485189e-14, -6.688220932107765e-14, -1.2158707292485189e-14, -5.607289013557605e-15, -5.607289013557605e-15, -5.167359582932969e-15]",-2.32E-12,4784.643143,168.4939133
Fe_dopedwith_V.cif,V_atom.cif,4840.676071,266.8329098,4879.529916,4.109098321,4.232429618,4.317077949,0.123331298,-3.781507632,4.170763969,-0.4848,4840.668799,"[4.0008239867971764e-08, -1.1705532628701846e-08, -1.1705532628701846e-08, 2.067668289902087e-08, 9.815468864775464e-09, 2.067668289902087e-08, -6.968836487086616e-10, -6.968836487086616e-10, 2.2922812893768214e-08, -8.503928977001332e-09, 9.127575122472305e-09, 9.127575122472305e-09, 1.5658114292621617e-08, 1.4356573839988216e-08, 1.5658114292621617e-08, 1.6449426390758997e-08, 1.6449426390758997e-08, -1.350317698229317e-08, 2.27548783396608e-08, 2.2064918937899406e-08, 2.2064918937899406e-08, 8.043693522825428e-10, 4.738804635686309e-08, 8.043693522825428e-10, 4.9903264763441064e-08, 4.9903264763441064e-08, -1.033864888099082e-07]",-3.94E-09,4784.643143,168.4939133
Fe_dopedwith_Co.cif,Co_atom.cif,4865.071,254.2473291,4867.578229,4.82685835,4.863922383,4.871642673,0.037064033,-4.306124276,4.845390367,-2.5422,4865.032867,"[2.3922312115469234e-13, 2.840500569761966e-13, 2.840500569761966e-13, 2.164673913299856e-13, 3.517404086957785e-13, 2.164673913299856e-13, -9.898144191776389e-14, -9.898144191776389e-14, 7.011590572809961e-14, -4.72840535479543e-13, -4.9926812299364e-13, -4.9926812299364e-13, -3.593078244400808e-13, -4.1051377052388164e-13, -3.593078244400808e-13, -3.2827772739104976e-13, -3.2827772739104976e-13, -2.702655366075301e-13, 1.9435248283475703e-13, 2.6319691242941946e-13, 2.6319691242941946e-13, 1.6990964294682098e-13, 1.9944214137741036e-13, 1.6990964294682098e-13, 8.865643470930891e-14, 8.865643470930891e-14, 1.2309220284592302e-13]",-2.56E-12,4784.643143,168.4939133
Fe_dopedwith_Pd.cif,Pd_atom.cif,4926.050917,368.1826296,4956.305602,4.861863386,4.813441278,4.835418077,-0.048422107,-4.395439666,4.837652332,-1.412766667,4926.029725,"[5.327105136264784e-14, 3.3285390962517273e-14, 3.3285390962517273e-14, 3.639355813825383e-14, 4.1624982008253715e-14, 3.639355813825383e-14, 4.360747000926642e-14, 4.360747000926642e-14, 1.408034815975188e-15, -7.296434139904819e-15, -4.406622927851355e-15, -4.406622927851355e-15, 3.3208251113568404e-15, 1.5679546543344043e-14, 3.3208251113568404e-15, 4.531066455804683e-15, 4.531066455804683e-15, 6.86347224162905e-15, -2.7335812947468544e-14, 9.352591545711583e-15, 9.352591545711583e-15, -3.555038735270847e-15, -5.810120345493567e-15, -3.555038735270847e-15, 6.403494775689038e-15, 6.403494775689038e-15, 2.2265310363042183e-14]",1.01E-12,4784.643143,168.4939133
Fe_dopedwith_Ni.cif,Ni_atom.cif,5592.858533,1060.285972,5621.737081,3.87246948,3.936944273,3.913362267,0.064474793,-3.350990994,3.904706876,-1.750966667,5592.832268,"[1.8635369857411827e-14, 4.3037938643745595e-16, 4.3037938643745595e-16, 1.3883846744122402e-14, 3.812850486589603e-15, 1.3883846744122402e-14, 1.2899623199104519e-14, 1.2899623199104519e-14, 4.5726804841512605e-14, -2.767560915104807e-15, 1.3732339422066693e-14, 1.3732339422066693e-14, 4.213157671400565e-14, 1.7221271740581756e-14, 4.213157671400565e-14, 1.3187095095738486e-14, 1.3187095095738486e-14, 4.107019261743825e-14, -9.690258331849235e-15, 2.5125963225585722e-15, 2.5125963225585722e-15, -5.589555524144992e-15, 1.2245631345752584e-14, -5.589555524144992e-15, -2.8194994701451508e-14, -2.8194994701451508e-14, 4.1318079307014825e-14]",4.37E-13,4784.643143,168.4939133
Fe_dopedwith_Fe.cif,Fe_atom.cif,4784.643143,168.4939133,4762.179906,4.880989411,4.932537121,4.905833644,0.05154771,-4.362372762,4.906763266,-2.3845,4784.607375,"[1.131913865970525e-11, -1.2696659388319954e-11, -1.2697111809465952e-11, -2.221628733345877e-12, -2.0816389775555668e-11, -2.220976588326014e-12, -2.221319670764057e-12, -2.2214725536426826e-12, -2.0815928137837407e-11, 1.1154456859328587e-11, -2.755438285359652e-11, -2.7554202524289597e-11, -2.755390827631615e-11, 1.1154903055946331e-11, -2.7554517687755344e-11, -2.158517379870455e-11, -2.158490345179929e-11, 2.1548896836678318e-11, 1.1318724351896707e-11, -1.2696875520528377e-11, -1.269695267487099e-11, -2.2214554814437167e-12, -2.0815652744148965e-11, -2.2214924085655205e-12, -2.221375227690452e-12, -2.221939225581901e-12, -2.0815543620756813e-11]",1.08E-10,4784.643143,168.4939133
Fe_dopedwith_Re.cif,Re_atom.cif,4732.960156,159.0713936,4765.762876,4.38549835,4.408128502,4.443221812,0.022630152,-3.905595686,4.396813426,-1.943466667,4732.931004,"[-3.701816931996639e-09, -1.318505224950589e-08, -1.318505224950589e-08, 1.2920039234669206e-08, -1.3051158359246298e-09, 1.2920039234669206e-08, 4.416190416720218e-10, 4.416190416720218e-10, -2.0992229806777676e-09, 5.862938954556625e-10, 2.1696107614557217e-09, 2.1696107614557217e-09, -5.849065573467091e-09, -1.2000054327570837e-08, -5.849065573467091e-09, -3.6559038204520768e-09, -3.6559038204520768e-09, 8.395693647446831e-09, -5.994303340416953e-09, 7.010428760265899e-09, 7.010428760265899e-09, -9.133395732298405e-09, 5.819302139856558e-09, -9.133395732298405e-09, -8.514658680279825e-09, -8.514658680279825e-09, -5.229746814030968e-09]",-1.64E-07,4784.643143,168.4939133
Fe_dopedwith_Y.cif,Y_atom.cif,4665.836784,73.46545162,4655.077905,4.546717055,4.59932751,4.684408694,0.052610455,-4.176771554,4.573022282,-0.621233333,4665.827465,"[1.653583670327151e-15, 1.9837952867492708e-14, 1.9837952867492708e-14, 2.6724256362730357e-14, -6.8365501282082486e-15, 2.6724256362730357e-14, 1.2250760277142631e-14, 1.2250760277142631e-14, 1.5269202621673164e-15, -2.8279800091175438e-14, 7.723007705345489e-17, 7.723007705345489e-17, 3.0625965786940185e-14, -1.935457192475618e-14, 3.0625965786940185e-14, -1.1947097159875115e-14, -1.1947097159875115e-14, -2.654150412705144e-14, -2.422471490945171e-14, -1.0429327449175584e-14, -1.0429327449175584e-14, -1.3757032511187249e-14, -2.324363391174844e-14, -1.3757032511187249e-14, -5.342918740515966e-16, -5.342918740515966e-16, -2.467447640900714e-14]",-3.43E-15,4784.643143,168.4939133
Fe_dopedwith_Sn.cif,Sn_atom.cif,5192.299975,626.9408787,5206.609129,4.49948527,4.097488239,4.398401466,-0.401997031,-3.875273062,4.298486755,-1.089033333,5192.28364,"[-9.014981913994385e-15, -1.6075790103498002e-14, -1.6075790103498002e-14, -4.966347077170759e-17, -1.685304042417358e-14, -4.966347077170759e-17, -4.5991656952314387e-14, -4.5991656952314387e-14, -6.839554987133362e-15, -2.3185007980627046e-14, 2.1115031102043696e-14, 2.1115031102043696e-14, -1.7199942148712713e-14, 1.4488740982160494e-14, -1.7199942148712713e-14, 3.318405508302206e-15, 3.318405508302206e-15, 1.728640045990352e-14, 1.904677516126895e-14, 6.169565421661542e-15, 6.169565421661542e-15, -9.804990293537082e-16, -1.2031666775708346e-15, -9.804990293537082e-16, 2.1307206180222258e-14, 2.1307206180222258e-14, 2.6281818408518944e-14]",-1.52E-13,4784.643143,168.4939133
Fe_dopedwith_Sc.cif,Sc_atom.cif,4805.659283,218.4409234,4798.707087,4.276957776,4.338764374,4.422335544,0.061806598,-3.906200415,4.307861075,-0.5712,4805.650715,"[-6.195610301477464e-14, 2.1869083491295655e-14, 2.1869083491295655e-14, 4.680052139882783e-14, -8.473551062666914e-15, 4.680052139882783e-14, 3.6576644434988746e-15, 3.6576644434988746e-15, 1.8387040375481125e-14, 1.121975831363005e-16, 4.3263591290242545e-15, 4.3263591290242545e-15, 3.577475337190134e-14, 4.725970454357215e-14, 3.577475337190134e-14, 1.586735215106939e-16, 1.586735215106939e-16, 4.223648805354258e-14, -6.110700119103799e-14, 2.3937003043452567e-14, 2.3937003043452567e-14, 5.622198932334529e-15, -2.176652205248267e-14, 5.622198932334529e-15, 4.3570047554142646e-14, 4.3570047554142646e-14, -6.03046905632953e-14]",-4.03E-13,4784.643143,168.4939133
Fe_dopedwith_Cu.cif,Cu_atom.cif,5131.725303,541.736465,5168.461857,4.798610938,4.804683563,4.915528032,0.006072625,-4.297990367,4.80164725,-0.4988,5131.717821,"[3.4863177169506997e-14, 3.2607912154848375e-14, 3.2607912154848375e-14, 1.5797254724871196e-14, 5.521303071796793e-14, 1.5797254724871196e-14, 3.8744792968767144e-14, 3.8744792968767144e-14, 2.2186421597436422e-14, -1.1368325240029961e-14, -3.121084471818297e-14, -3.121084471818297e-14, 4.370293856609962e-14, -4.0119514238546296e-14, 4.370293856609962e-14, -1.2747481512633902e-14, -1.2747481512633902e-14, -3.76946060615389e-15, 2.5493617653560493e-14, -2.2823071213312167e-14, -2.2823071213312167e-14, -2.917446429088897e-14, 2.1425576151733032e-14, -2.917446429088897e-14, 2.915708673931838e-15, 2.915708673931838e-15, -4.6754331508052164e-14]",1.32E-13,4784.643143,168.4939133
Fe_dopedwith_W.cif,W_atom.cif,4717.678759,148.5351031,4749.450162,4.828326831,4.896808275,4.85174852,0.068481444,-4.40339142,4.862567553,-1.6957,4717.653324,"[1.1739347581629418e-10, 1.7625250634522204e-10, 1.7625250634522204e-10, 2.3838622114273405e-10, 2.0402260155824975e-10, 2.3838622114273405e-10, 2.058644052922342e-10, 2.058644052922342e-10, 1.7394790224555425e-10, 2.463030522297725e-10, 2.516548825128123e-10, 2.516548825128123e-10, 3.380972430521945e-10, 9.015081246706104e-11, 3.380972430521945e-10, 2.510578452238695e-10, 2.510578452238695e-10, 3.362326979728292e-10, -1.0713417368408676e-11, 9.021837534129281e-11, 9.021837534129281e-11, 1.60400119009425e-10, 1.3635304583672252e-10, 1.60400119009425e-10, 8.618953143455606e-11, 8.618953143455606e-11, 1.5300024117713404e-09]",1.78E-08,4784.643143,168.4939133
Fe_dopedwith_Pt.cif,Pt_atom.cif,4858.175403,313.1748336,4860.792805,4.596383353,4.476369186,4.53103176,-0.120014168,-4.114856602,4.536376269,-1.128633333,4858.158473,"[2.1383852275556416e-14, -4.080067427470641e-15, -4.080067427470641e-15, -2.6914628667556025e-15, -4.484548386868256e-16, -2.6914628667556025e-15, -5.5693808261288935e-15, -5.5693808261288935e-15, -1.988660893543507e-14, -7.457254036766291e-15, 5.299475268624922e-15, 5.299475268624922e-15, 7.342745604875977e-15, -2.2583482723008442e-14, 7.342745604875977e-15, 4.107826022957091e-16, 4.107826022957091e-16, -1.319751439263058e-14, 4.191813855332814e-16, 1.6459090881607077e-14, 1.6459090881607077e-14, 2.807204528172832e-14, -2.854587799747265e-14, 2.807204528172832e-14, -1.5424108071444306e-14, -1.5424108071444306e-14, 4.7947392166818045e-14]",2.27E-13,4784.643143,168.4939133
Fe_dopedwith_Ag.cif,Ag_atom.cif,5087.435969,542.8965883,5119.824591,4.35838059,4.23411264,4.391737557,-0.12426795,-3.885358914,4.296246615,-1.425066667,5087.414593,"[-2.4897282896533083e-14, 2.8196660826517246e-15, 2.8196660826517246e-15, 3.795118233081454e-15, -2.303494656192647e-14, 3.795118233081454e-15, 6.263173503100722e-15, 6.263173503100722e-15, -1.7733396688852598e-14, -1.5167768893790056e-14, 1.74570588319265e-14, 1.74570588319265e-14, 1.0000870788310434e-14, -3.325534838911959e-14, 1.0000870788310434e-14, 1.2547203798447513e-14, 1.2547203798447513e-14, -9.134775458009595e-15, 3.309301983116727e-14, 6.278885724866924e-15, 6.278885724866924e-15, 4.3652699489812114e-15, 3.0553159078484566e-14, 4.3652699489812114e-15, 2.446298128820267e-14, 2.446298128820267e-14, -8.31735797369267e-15]",-8.97E-14,4784.643143,168.4939133
Fe_dopedwith_Ir.cif,Ir_atom.cif,4843.719867,294.2471041,4866.793399,4.573626246,4.469143695,4.63865941,-0.104482551,-4.216766632,4.52138497,-0.721866667,4843.70904,"[-1.032212649478754e-09, -7.61927826836325e-10, -7.61927826836325e-10, -1.199850347569296e-09, -1.1571460216112611e-09, -1.199850347569296e-09, -1.468907956597415e-10, -1.468907956597415e-10, 2.082079722651842e-09, 4.925657729828937e-10, -2.1670744663792922e-09, -2.1670744663792922e-09, 3.6127197595645623e-09, -1.0140306934302002e-09, 3.6127197595645623e-09, -9.945535205971297e-11, -9.945535205971297e-11, 2.943476111174255e-09, -7.473642402050911e-10, -1.9100340240593446e-10, -1.9100340240593446e-10, -5.352805334624486e-10, 1.322562405818434e-10, -5.352805334624486e-10, -9.645539629029926e-10, -9.645539629029926e-10, -2.334504888919962e-10]",2.31E-09,4784.643143,168.4939133
Fe_dopedwith_Rh.cif,Rh_atom.cif,4830.649476,264.0309356,4856.018342,4.742367684,4.675436414,4.806848855,-0.066931269,-4.355390926,4.708902049,-0.853066667,4830.63668,"[-1.3811817894868506e-14, 9.902410496015285e-16, 9.902410496015285e-16, -9.953937403310766e-15, -1.06672407492372e-14, -9.953937403310766e-15, -2.5629304334436634e-14, -2.5629304334436634e-14, 3.925677706565356e-14, -1.6020971990481358e-14, -4.03421144909169e-15, -4.03421144909169e-15, -2.9931503076552765e-14, -4.759771609373497e-14, -2.9931503076552765e-14, 8.607591100455279e-16, 8.607591100455279e-16, -5.2296782649141213e-14, 2.0161885335324413e-14, -1.1738141780129402e-14, -1.1738141780129402e-14, -2.483899371984455e-14, 3.898058647878561e-15, -2.483899371984455e-14, -3.750815607362768e-15, -3.750815607362768e-15, -3.5576356682965926e-14]",-1.19E-12,4784.643143,168.4939133
Fe_dopedwith_Nb.cif,Nb_atom.cif,4715.322117,142.8318622,4734.676668,4.783341837,4.794425642,4.872687429,0.011083805,-4.432968255,4.788883739,-0.8478,4715.3094,"[3.5941744595495993e-14, -1.3114292464794964e-14, -1.3114292464794964e-14, -1.0904135854990405e-14, 4.462371076247706e-14, -1.0904135854990405e-14, 2.5634543574632047e-14, 2.5634543574632047e-14, -1.586317292905324e-14, 5.004169013798861e-15, -1.584877986610259e-14, -1.584877986610259e-14, -1.3769975282438236e-14, -2.9900461229976326e-14, -1.3769975282438236e-14, -1.684402255900223e-14, -1.684402255900223e-14, -1.1365811095684407e-14, -8.46917161361885e-15, 1.0883341007808852e-14, 1.0883341007808852e-14, 1.4055937157903026e-14, 1.7715525665775399e-16, 1.4055937157903026e-14, -1.6824740769339062e-14, -1.6824740769339062e-14, -5.75935802629265e-14]",-2.17E-13,4784.643143,168.4939133
Fe_dopedwith_Zn.cif,Zn_atom.cif,5328.665242,743.4814527,5342.909168,4.909799269,4.865527489,4.878717629,-0.044271781,-4.251336116,4.887663379,-1.735766667,5328.639205,"[-1.0167908917994427e-13, -1.1622720877892694e-13, -1.1622720877892694e-13, -1.0562502597277965e-13, -1.2159918604618554e-13, -1.0562502597277965e-13, -4.775202583132161e-14, -4.775202583132161e-14, -1.4387681626815465e-13, -2.7680450801079975e-14, -3.136391794518993e-14, -3.136391794518993e-14, 5.525313363421658e-15, -5.053098022021921e-14, 5.525313363421658e-15, -1.7010869590560657e-14, -1.7010869590560657e-14, -5.071223307482561e-14, -2.1198761704985682e-14, -4.5456425224397085e-14, -4.5456425224397085e-14, -1.1723412015306294e-14, 6.669369054787161e-15, -1.1723412015306294e-14, -3.704491521932619e-14, -3.704491521932619e-14, 5.725198096673541e-14]",-2.33E-12,4784.643143,168.4939133
Fe_dopedwith_Mo.cif,Mo_atom.cif,4787.85045,227.8413129,4826.030097,4.592252509,4.679689931,4.636442922,0.087437423,-4.2460985,4.63597122,-1.085866667,4787.834162,"[-3.976994205309312e-14, -4.0590348472967375e-14, -4.0590348472967375e-14, -3.787647472126715e-14, -3.8912846124841656e-14, -3.787647472126715e-14, -9.586065813289796e-15, -9.586065813289796e-15, -3.945833381433316e-14, -3.846956901624647e-14, -3.1920537236473138e-15, -3.1920537236473138e-15, 1.5293947296077206e-14, 5.678395101149084e-15, 1.5293947296077206e-14, 1.1592938866337815e-14, 1.1592938866337815e-14, -9.56522169582674e-15, -1.7687004288906828e-14, 6.8229719441116954e-15, 6.8229719441116954e-15, 4.182000260798465e-15, -2.0760309577024503e-15, 4.182000260798465e-15, -2.1724018444144297e-14, -2.1724018444144297e-14, 5.6230099488624236e-14]",-4.56E-13,4784.643143,168.4939133
Fe_dopedwith_Sb.cif,Sb_atom.cif,5341.653593,775.5033269,5382.332928,4.232620739,4.064292356,4.274497245,-0.168328383,-3.617430392,4.148456547,-1.157233333,5341.636234,"[-1.122333487177228e-14, 9.834976853779e-15, 9.834976853779e-15, 1.970963263910909e-14, 3.800897948481365e-15, 1.970963263910909e-14, 3.743652603608023e-15, 3.743652603608023e-15, 2.3056936566061448e-15, 8.051555124713113e-15, -1.0617334977098284e-14, -1.0617334977098284e-14, -1.0242368621642374e-14, -2.778836570296688e-14, -1.0242368621642374e-14, -7.666149101713317e-15, -7.666149101713317e-15, 1.3010045355350777e-14, -1.6705808020777403e-14, -3.3365212564011193e-15, -3.3365212564011193e-15, -2.5649849206380347e-15, -2.4164523529831063e-14, -2.5649849206380347e-15, -1.839448140478844e-14, -1.839448140478844e-14, -3.490438833241923e-15]",-3.20E-13,4784.643143,168.4939133
Fe_dopedwith_Hf.cif,Hf_atom.cif,4688.282463,102.8764267,4667.367871,4.628606195,4.609011426,4.618852072,-0.019594769,-4.117451965,4.618808811,-1.369366667,4688.261922,"[-3.716489192237167e-14, -2.3330545340533453e-14, -2.3330545340533453e-14, -2.0863357033178906e-14, -4.828288623561803e-14, -2.0863357033178906e-14, -6.210428647227971e-14, -6.210428647227971e-14, -3.988007444427006e-14, 8.774952666594355e-15, -1.0286657699398637e-14, -1.0286657699398637e-14, -4.709659244786895e-14, 1.0256065432405946e-14, -4.709659244786895e-14, -3.13961717264035e-15, -3.13961717264035e-15, -1.0155039382485825e-14, -9.89495528542702e-15, 2.0337699940556257e-15, 2.0337699940556257e-15, 6.45513554790683e-15, -8.779389053777883e-15, 6.45513554790683e-15, -1.1190332783881234e-14, -1.1190332783881234e-14, -2.100306388371233e-14]",-1.07E-12,4784.643143,168.4939133
Fe_dopedwith_Au.cif,Au_atom.cif,4803.922676,212.8340443,4815.35432,4.37874465,4.148814432,4.398796088,-0.229930219,-3.914370833,4.263779541,-1.307133333,4803.903069,"[-2.4928676788446604e-14, 1.494933958700554e-15, 1.494933958700554e-15, -1.289534970302984e-14, -1.2652902878800442e-14, -1.289534970302984e-14, 1.4068572361907622e-14, 1.4068572361907622e-14, 2.2594292810095455e-14, -2.462290276214435e-14, 3.4626462730995925e-16, 3.4626462730995925e-16, -3.8366327520814e-14, -2.0960479538768563e-15, -3.8366327520814e-14, -8.047350390726997e-15, -8.047350390726997e-15, -2.2660322355630118e-14, 1.462623250449105e-14, 1.6582676672635378e-15, 1.6582676672635378e-15, 1.4191486733034173e-14, -1.2865122092564179e-14, 1.4191486733034173e-14, -1.9300909144756832e-15, -1.9300909144756832e-15, -1.1128510734801614e-13]",-6.77E-13,4784.643143,168.4939133
Fe_dopedwith_Ta.cif,Ta_atom.cif,4697.101985,116.8966255,4715.447079,4.447799495,4.489182447,4.571881317,0.041382951,-4.060860064,4.468490971,-0.635466667,4697.092453,"[-4.9284507065523804e-12, -6.484679873087507e-12, -6.484679873087507e-12, -6.6232186055066404e-12, -1.9483726418956027e-12, -6.6232186055066404e-12, -5.285765841099096e-12, -5.285765841099096e-12, -1.0977553428154795e-11, -1.89524010996947e-12, 9.782830553640355e-13, 9.782830553640355e-13, 2.6914969925431896e-12, 1.6428528378273967e-12, 2.6914969925431896e-12, 1.3263599213902464e-12, 1.3263599213902464e-12, -4.3330277609622346e-14, 4.0006242838545996e-13, -1.6803267014673555e-13, -1.6803267014673555e-13, 1.5841020490988197e-12, 4.814833047808573e-12, 1.5841020490988197e-12, 7.630355443164625e-13, 7.630355443164625e-13, 4.1393981677455897e-11]",3.12E-11,4784.643143,168.4939133
Fe_dopedwith_Zr.cif,Zr_atom.cif,4703.412554,118.9646239,4706.809605,4.627416744,4.586473131,4.60697549,-0.040943613,-4.088384655,4.606944938,-1.287666667,4703.393239,"[1.1785801460060668e-11, 9.052528921135245e-12, 9.052528921135245e-12, 6.852860896208379e-12, 8.457513060506612e-12, 6.852860896208379e-12, -6.872135814339637e-12, -6.872135814339637e-12, 7.285472130681323e-13, 2.441909563629489e-12, 6.240149209888346e-12, 6.240149209888346e-12, -1.7499972643658168e-11, -2.8361532579248852e-11, -1.7499972643658168e-11, 6.238124028846895e-12, 6.238124028846895e-12, 1.6101606736586205e-12, -7.543876957649191e-13, 3.304200173077241e-14, 3.304200173077241e-14, -2.5868286953445955e-13, 7.980403736215297e-12, -2.5868286953445955e-13, 3.16065778441641e-12, 3.16065778441641e-12, -2.3358300529382346e-11]",3.96E-11,4784.643143,168.4939133
Fe_dopedwith_Pb.cif,Pb_atom.cif,5028.742667,446.751226,5052.795678,4.300061729,4.487168035,4.38627826,0.187106306,-3.715604197,4.393614882,-0.547033333,5028.734462,"[-3.881817304034415e-14, -8.161455433174518e-15, -8.161455433174518e-15, -3.85609655899312e-15, -3.717694204786552e-14, -3.85609655899312e-15, -3.141985308760238e-14, -3.141985308760238e-14, 3.321216861129086e-14, -2.1200856121231823e-14, 1.5740655348231186e-14, 1.5740655348231186e-14, 3.259260142055205e-17, 2.0271416158617098e-14, 3.259260142055205e-17, 1.7787053429084108e-14, 1.7787053429084108e-14, -9.42678102428619e-15, -1.1093385187700989e-14, 2.935236051832443e-14, 2.935236051832443e-14, 2.927375656086939e-14, 1.7372219915265163e-15, 2.927375656086939e-14, 3.5438115664117576e-14, 3.5438115664117576e-14, -1.8035706011714816e-14]",3.92E-14,4784.643143,168.4939133
Fe_dopedwith_Bi.cif,Bi_atom.cif,4964.863498,451.4762806,4978.357942,3.711864482,3.120486868,3.820518043,-0.591377614,-3.264442043,3.416175675,-0.257733333,4964.859632,"[1.367001055767787e-12, -1.3683355470956068e-13, -1.3683355470956068e-13, 2.8745447215297316e-14, 1.2411202572530815e-12, 2.8745447215297316e-14, -1.2310902198454053e-13, -1.2310902198454053e-13, -2.5365726319658007e-13, -2.1390091748691288e-13, -3.8932926260295036e-13, -3.8932926260295036e-13, -1.7309384722929608e-12, 1.976048878778761e-12, -1.7309384722929608e-12, -3.3497866279548194e-13, -3.3497866279548194e-13, 1.2269886322151427e-13, 9.259281915096696e-13, -3.5335685359920453e-13, -3.5335685359920453e-13, -5.707234705989314e-13, 2.6023779007918267e-13, -5.707234705989314e-13, 7.758422925564683e-13, 7.758422925564683e-13, 1.3288572252701647e-13]",-1.89E-13,4784.643143,168.4939133
